{"_id":"arch_SJHtOSRIB","name":".dc&sd","type":"Solution","status":"Pending","created":"2019-09-17T11:50:21Z","lastModified":"2019-09-17T12:43:02Z","includedArtifacts":[{"_id":"art_HkqoOS0UH","type":"Overview","typeId":"assetartifact_executivesummary","typeNum":1}],"industry":[],"technology":[],"technicalCapability":[],"businessCapability":[],"client":[],"executiveSummary":"wd<img style=\"height:100px;\" src=\"/api/FileManagerAPIs/containers/cafiles/files/file_3f17cf972cb17279.png\">","tag":[],"schemaVersion":"1.0","appVersion":"2.4.1"}