{"toc":[{"displayName":"Overview","globalTOCPosition":"1","child":[],"format":"text","hasContent":true,"artifactType":"assetartifact_executivesummary","artifactId":"art_HkqoOS0UH"},{"displayName":"Scope","globalTOCPosition":"2","child":[{"displayName":"Business Challenge","globalTOCPosition":"2.1","format":"text","hasContent":false,"artifactType":"assetartifact_businesschallenge"},{"displayName":"System Context","globalTOCPosition":"2.2","format":"diagram","hasContent":false,"artifactType":"assetartifact_systemcontext"}]},{"displayName":"Requirement","globalTOCPosition":"3","child":[{"displayName":"Use Case Model","globalTOCPosition":"3.1","child":[{"displayName":"Use Case Diagram","globalTOCPosition":"3.1.1","format":"diagram","hasContent":false,"artifactType":"assetartifact_usecase_ucdiagram"},{"displayName":"Use Case","globalTOCPosition":"3.1.2","format":"text","hasContent":false,"artifactType":"assetartifact_usecase_uctext"}]},{"displayName":"Functional Requirements","globalTOCPosition":"3.2","format":"text","hasContent":false,"artifactType":"assetartifact_functionalrequirement"},{"displayName":"Non Functional Requirements","globalTOCPosition":"3.3","format":"text","hasContent":false,"artifactType":"assetartifact_nonfunctionalrequirement"}]},{"displayName":"Data Model","globalTOCPosition":"4","child":[{"displayName":"Logical Data Model","globalTOCPosition":"4.1","format":"diagram","hasContent":false,"artifactType":"assetartifact_logical_datamodel"}]},{"displayName":"Architecture","globalTOCPosition":"5","child":[{"displayName":"Architecture Overview","globalTOCPosition":"5.1","child":[{"displayName":"Services View","globalTOCPosition":"5.1.1","format":"diagram","hasContent":false,"artifactType":"assetartifact_architectureoverview_aodservice"},{"displayName":"Enterprise View","globalTOCPosition":"5.1.2","format":"diagram","hasContent":false,"artifactType":"assetartifact_architectureoverview_enterprise"},{"displayName":"IT System View","globalTOCPosition":"5.1.3","format":"diagram","hasContent":false,"artifactType":"assetartifact_architectureoverview_itsystem"},{"displayName":"Usage Scenario","globalTOCPosition":"5.1.4","format":"diagram","hasContent":false,"artifactType":"assetartifact_architectureoverview_usagescenario"}]},{"displayName":"Architectural Decisions","globalTOCPosition":"5.2","child":[],"format":"text","hasContent":false,"artifactType":"assetartifact_architecturedecision"},{"displayName":"Component Model","globalTOCPosition":"5.3","child":[{"displayName":"Static View","globalTOCPosition":"5.3.1","format":"diagram","hasContent":false,"artifactType":"assetartifact_componentmodel_staticview"},{"displayName":"Dynamic View","globalTOCPosition":"5.3.2","format":"diagram","hasContent":false,"artifactType":"assetartifact_componentmodel_dynamicview"}]},{"displayName":"Operational Model","globalTOCPosition":"5.4","child":[{"displayName":"Logical Operational View","globalTOCPosition":"5.4.1","format":"diagram","hasContent":false,"artifactType":"assetartifact_operationalmodel_logicaloperational"},{"displayName":"Physical Operational View","globalTOCPosition":"5.4.2","format":"diagram","hasContent":false,"artifactType":"assetartifact_operationalmodel_physicaloperational"}]}]},{"displayName":"RAID","globalTOCPosition":"6","child":[{"displayName":"Risks","globalTOCPosition":"6.1","format":"text","hasContent":false,"artifactType":"assetartifact_risk"},{"displayName":"Assumptions","globalTOCPosition":"6.2","format":"text","hasContent":false,"artifactType":"assetartifact_assumption"},{"displayName":"Issues","globalTOCPosition":"6.3","format":"text","hasContent":false,"artifactType":"assetartifact_issue"},{"displayName":"Dependencies","globalTOCPosition":"6.4","format":"text","hasContent":false,"artifactType":"assetartifact_dependency"}]},{"displayName":"Architectural Principles","globalTOCPosition":"7","child":[],"format":"text","hasContent":false,"artifactType":"assetartifact_architecture_principles"},{"displayName":"Notes","globalTOCPosition":"8","child":[],"format":"text","hasContent":false,"artifactType":"assetartifact_notes"}],"toc_cards":{"executivesummary":["executivesummary_BygqiuBCIB"],"businesschallenge":[],"usecasetext":[],"functionalrequirement":[],"nonfunctionalrequirement":[],"architecturaldecision":[],"risk":[],"assumption":[],"issue":[],"dependency":[],"architectureprinciple":[],"notes":[],"systemContext":[],"useCaseViews":[],"aodServices":[],"aodEnterprises":[],"aodITSystems":[],"aodUsageScenarios":[],"cmStaticViews":[],"cmDynamicViews":[],"lomViews":[],"lomPhysicalViews":[],"logicalERD":[]},"textual":{"instances":{"executivesummary_BygqiuBCIB":{"coreInfo":[{"modelType":"ExecutiveSummary","lastModifiedUserId":"shzhhao@cn.ibm.com","description":"wd<img style=\"height:100px;\" src=\"/api/FileManagerAPIs/containers/cafiles/files/file_3f17cf972cb17279.png\">","lastModified":"2019-09-17T12:43:01Z","_id":"executivesummary_BygqiuBCIB","label":""}]}}},"diagram":{"instances":{}},"combined":{"coreInfo":[]},"solution_advisors":{},"auditLog":{"_id":"architectureauditentry_4nTEYsjJx","archId":"arch_SJHtOSRIB","archChangeLog":[{"_id":"architecturechangelog_e9mIayRPD","date":"2019-09-18T01:35:36.714Z","type":"PEN_GET","user":{"fullname":"Hao Zhang","email":"shzhhao@cn.ibm.com"}},{"_id":"architecturechangelog_RvwV2bIKt","date":"2019-09-17T13:00:07.372Z","type":"DOWNLOAD","user":{"fullname":"Hao Zhang","email":"shzhhao@cn.ibm.com"},"appVersion":"2.4.1","dataVersion":"1.0"},{"_id":"architecturechangelog_sOOGFHjik","date":"2019-09-17T12:58:24.353Z","type":"DOWNLOAD","user":{"fullname":"Hao Zhang","email":"shzhhao@cn.ibm.com"},"appVersion":"2.4.1","dataVersion":"1.0"},{"_id":"architecturechangelog_nDgOo7Rfw","date":"2019-09-17T12:51:27.990Z","type":"DOWNLOAD","user":{"fullname":"Hao Zhang","email":"shzhhao@cn.ibm.com"},"appVersion":"2.4.1","dataVersion":"1.0"},{"_id":"architecturechangelog_30ghLsvKh","date":"2019-09-17T12:50:00.032Z","type":"DOWNLOAD","user":{"fullname":"Hao Zhang","email":"shzhhao@cn.ibm.com"},"appVersion":"2.4.1","dataVersion":"1.0"},{"_id":"architecturechangelog_fV17qF7w6","date":"2019-09-17T12:47:12.917Z","type":"DOWNLOAD","user":{"fullname":"Hao Zhang","email":"shzhhao@cn.ibm.com"},"appVersion":"2.4.1","dataVersion":"1.0"},{"_id":"architecturechangelog_5sW5D8SGl","date":"2019-09-17T12:41:43.602Z","type":"DOWNLOAD","user":{"fullname":"Hao Zhang","email":"shzhhao@cn.ibm.com"},"appVersion":"2.4.1","dataVersion":"1.0"},{"_id":"architecturechangelog_I2CpDBzWl","date":"2019-09-17T12:31:44.047Z","type":"DOWNLOAD","user":{"fullname":"Hao Zhang","email":"shzhhao@cn.ibm.com"},"appVersion":"2.4.1","dataVersion":"1.0"},{"_id":"architecturechangelog_1WaQUffZC","date":"2019-09-17T12:28:24.775Z","type":"DOWNLOAD","user":{"fullname":"Hao Zhang","email":"shzhhao@cn.ibm.com"},"appVersion":"2.4.1","dataVersion":"1.0"},{"_id":"architecturechangelog_tjaOLLZn3","date":"2019-09-17T12:24:25.973Z","type":"DOWNLOAD","user":{"fullname":"Hao Zhang","email":"shzhhao@cn.ibm.com"},"appVersion":"2.4.1","dataVersion":"1.0"},{"_id":"architecturechangelog_XgJ0J3Di4","date":"2019-09-17T12:23:42.601Z","type":"DOWNLOAD","user":{"fullname":"Hao Zhang","email":"shzhhao@cn.ibm.com"},"appVersion":"2.4.1","dataVersion":"1.0"},{"_id":"architecturechangelog__U_SExpwD","date":"2019-09-17T12:22:19.672Z","type":"DOWNLOAD","user":{"fullname":"Hao Zhang","email":"shzhhao@cn.ibm.com"},"appVersion":"2.4.1","dataVersion":"1.0"},{"_id":"architecturechangelog_Dw-uS4huL","date":"2019-09-17T12:20:03.211Z","type":"DOWNLOAD","user":{"fullname":"Hao Zhang","email":"shzhhao@cn.ibm.com"},"appVersion":"2.4.1","dataVersion":"1.0"},{"_id":"architecturechangelog_dVLVGoU5L","date":"2019-09-17T12:18:22.960Z","type":"DOWNLOAD","user":{"fullname":"Hao Zhang","email":"shzhhao@cn.ibm.com"},"appVersion":"2.4.1","dataVersion":"1.0"},{"_id":"architecturechangelog_nvC7ht2mY","date":"2019-09-17T12:13:20.933Z","type":"DOWNLOAD","user":{"fullname":"Hao Zhang","email":"shzhhao@cn.ibm.com"},"appVersion":"2.4.1","dataVersion":"1.0"},{"_id":"architecturechangelog_izTDMDPBJ","date":"2019-09-17T12:11:52.409Z","type":"DOWNLOAD","user":{"fullname":"Hao Zhang","email":"shzhhao@cn.ibm.com"},"appVersion":"2.4.1","dataVersion":"1.0"},{"_id":"architecturechangelog_tTlcv8M62","date":"2019-09-17T12:07:35.904Z","type":"DOWNLOAD","user":{"fullname":"Hao Zhang","email":"shzhhao@cn.ibm.com"},"appVersion":"2.4.1","dataVersion":"1.0"},{"_id":"architecturechangelog_4XP7xjTMC","date":"2019-09-17T11:58:57.560Z","type":"DOWNLOAD","user":{"fullname":"Hao Zhang","email":"shzhhao@cn.ibm.com"},"appVersion":"2.4.1","dataVersion":"1.0"},{"_id":"architecturechangelog_cOlrCvMVU","date":"2019-09-17T11:51:32.851Z","type":"DOWNLOAD","user":{"fullname":"Hao Zhang","email":"shzhhao@cn.ibm.com"},"appVersion":"2.4.1","dataVersion":"1.0"},{"_id":"architecturechangelog_pWB-stu_y","date":"2019-09-17T11:51:00.348Z","type":"CREATE_INST","user":{"fullname":"Hao Zhang","email":"shzhhao@cn.ibm.com"},"artifactType":"assetartifact_executivesummary","instanceName":""},{"_id":"architecturechangelog_5-h-K3kS_","date":"2019-09-17T11:50:25.125Z","type":"CREATE","user":{"fullname":"Hao Zhang","email":"shzhhao@cn.ibm.com"}}]}}